Column1;Column2;Column3;Column4;Column5;Column6
A81758FFFE04CDD8;2021-10-21 12:30;27.5;Ankdammen;Niv;FALSE
A81758FFFE04CDD8;2021-10-21 13:30;27.53131313;Ankdammen;Niv;FALSE
A81758FFFE04CDD8;2021-10-21 14:30;27.56262626;Ankdammen;Niv;FALSE
A81758FFFE04CDD8;2021-10-21 15:30;27.59393939;Ankdammen;Niv;FALSE
A81758FFFE04CDD8;2021-10-21 16:30;27.62525253;Ankdammen;Niv;FALSE
A81758FFFE04CDD8;2021-10-21 17:30;27.65656566;Ankdammen;Niv;FALSE
A81758FFFE04CDD8;2021-10-21 18:30;27.68787879;Ankdammen;Niv;FALSE
A81758FFFE04CDD8;2021-10-21 19:30;27.71919192;Ankdammen;Niv;FALSE
A81758FFFE04CDD8;2021-10-21 20:30;27.75050505;Ankdammen;Niv;FALSE
A81758FFFE04CDD8;2021-10-21 21:30;27.78181818;Ankdammen;Niv;FALSE
A81758FFFE04CDD8;2021-10-21 22:30;27.81313131;Ankdammen;Niv;FALSE
A81758FFFE04CDD8;2021-10-21 23:30;27.84444444;Ankdammen;Niv;FALSE
A81758FFFE04CDD8;2021-10-22 00:30;27.87575758;Ankdammen;Niv;FALSE
A81758FFFE04CDD8;2021-10-22 01:30;27.90707071;Ankdammen;Niv;FALSE
A81758FFFE04CDD8;2021-10-22 02:30;27.93838384;Ankdammen;Niv;FALSE
A81758FFFE04CDD8;2021-10-22 03:30;27.96969697;Ankdammen;Niv;FALSE
A81758FFFE04CDD8;2021-10-22 04:30;28.0010101;Ankdammen;Niv;FALSE
A81758FFFE04CDD8;2021-10-22 05:30;28.03232323;Ankdammen;Niv;FALSE
A81758FFFE04CDD8;2021-10-22 06:30;28.06363636;Ankdammen;Niv;FALSE
A81758FFFE04CDD8;2021-10-22 07:30;28.09494949;Ankdammen;Niv;FALSE
A81758FFFE04CDD8;2021-10-22 08:30;28.12626263;Ankdammen;Niv;FALSE
A81758FFFE04CDD8;2021-10-22 09:30;28.15757576;Ankdammen;Niv;FALSE
A81758FFFE04CDD8;2021-10-22 10:30;28.18888889;Ankdammen;Niv;FALSE
A81758FFFE04CDD8;2021-10-22 11:30;28.22020202;Ankdammen;Niv;FALSE
A81758FFFE04CDD8;2021-10-22 12:30;28.25151515;Ankdammen;Niv;FALSE
A81758FFFE04CDD8;2021-10-22 13:30;28.28282828;Ankdammen;Niv;FALSE
A81758FFFE04CDD8;2021-10-22 14:30;28.31414141;Ankdammen;Niv;FALSE
A81758FFFE04CDD8;2021-10-22 15:30;28.34545455;Ankdammen;Niv;FALSE
A81758FFFE04CDD8;2021-10-22 16:30;28.37676768;Ankdammen;Niv;FALSE
A81758FFFE04CDD8;2021-10-22 17:30;28.40808081;Ankdammen;Niv;FALSE
A81758FFFE04CDD8;2021-10-22 18:30;28.43939394;Ankdammen;Niv;FALSE
A81758FFFE04CDD8;2021-10-22 19:30;28.47070707;Ankdammen;Niv;FALSE
A81758FFFE04CDD8;2021-10-22 20:30;28.5020202;Ankdammen;Niv;FALSE
A81758FFFE04CDD8;2021-10-22 21:30;28.53333333;Ankdammen;Niv;FALSE
A81758FFFE04CDD8;2021-10-22 22:30;28.56464646;Ankdammen;Niv;FALSE
A81758FFFE04CDD8;2021-10-22 23:30;28.5959596;Ankdammen;Niv;FALSE
A81758FFFE04CDD8;2021-10-23 00:30;28.62727273;Ankdammen;Niv;FALSE
A81758FFFE04CDD8;2021-10-23 01:30;28.65858586;Ankdammen;Niv;FALSE
A81758FFFE04CDD8;2021-10-23 02:30;28.68989899;Ankdammen;Niv;FALSE
A81758FFFE04CDD8;2021-10-23 03:30;28.72121212;Ankdammen;Niv;FALSE
A81758FFFE04CDD8;2021-10-23 04:30;28.75252525;Ankdammen;Niv;FALSE
A81758FFFE04CDD8;2021-10-23 05:30;28.78383838;Ankdammen;Niv;FALSE
A81758FFFE04CDD8;2021-10-23 06:30;28.81515152;Ankdammen;Niv;FALSE
A81758FFFE04CDD8;2021-10-23 07:30;28.84646465;Ankdammen;Niv;FALSE
A81758FFFE04CDD8;2021-10-23 08:30;28.87777778;Ankdammen;Niv;FALSE
A81758FFFE04CDD8;2021-10-23 09:30;28.90909091;Ankdammen;Niv;FALSE
A81758FFFE04CDD8;2021-10-23 10:30;28.94040404;Ankdammen;Niv;FALSE
A81758FFFE04CDD8;2021-10-23 11:30;28.97171717;Ankdammen;Niv;FALSE
A81758FFFE04CDD8;2021-10-23 12:30;29.0030303;Ankdammen;Niv;FALSE
A81758FFFE04CDD8;2021-10-23 13:30;29.03434343;Ankdammen;Niv;FALSE
A81758FFFE04CDD8;2021-10-23 14:30;29.06565657;Ankdammen;Niv;FALSE
A81758FFFE04CDD8;2021-10-23 15:30;29.0969697;Ankdammen;Niv;FALSE
A81758FFFE04CDD8;2021-10-23 16:30;29.12828283;Ankdammen;Niv;FALSE
A81758FFFE04CDD8;2021-10-23 17:30;29.15959596;Ankdammen;Niv;FALSE
A81758FFFE04CDD8;2021-10-23 18:30;29.19090909;Ankdammen;Niv;FALSE
A81758FFFE04CDD8;2021-10-23 19:30;29.22222222;Ankdammen;Niv;FALSE
A81758FFFE04CDD8;2021-10-23 20:30;29.25353535;Ankdammen;Niv;FALSE
A81758FFFE04CDD8;2021-10-23 21:30;29.28484848;Ankdammen;Niv;FALSE
A81758FFFE04CDD8;2021-10-23 22:30;29.31616162;Ankdammen;Niv;FALSE
A81758FFFE04CDD8;2021-10-23 23:30;29.34747475;Ankdammen;Niv;FALSE
A81758FFFE04CDD8;2021-10-24 00:30;29.37878788;Ankdammen;Niv;FALSE
A81758FFFE04CDD8;2021-10-24 01:30;29.41010101;Ankdammen;Niv;FALSE
A81758FFFE04CDD8;2021-10-24 02:30;29.44141414;Ankdammen;Niv;FALSE
A81758FFFE04CDD8;2021-10-24 03:30;29.47272727;Ankdammen;Niv;FALSE
A81758FFFE04CDD8;2021-10-24 04:30;29.5040404;Ankdammen;Niv;FALSE
A81758FFFE04CDD8;2021-10-24 05:30;29.53535354;Ankdammen;Niv;FALSE
A81758FFFE04CDD8;2021-10-24 06:30;29.56666667;Ankdammen;Niv;FALSE
A81758FFFE04CDD8;2021-10-24 07:30;29.5979798;Ankdammen;Niv;FALSE
A81758FFFE04CDD8;2021-10-24 08:30;29.62929293;Ankdammen;Niv;FALSE
A81758FFFE04CDD8;2021-10-24 09:30;29.66060606;Ankdammen;Niv;FALSE
A81758FFFE04CDD8;2021-10-24 10:30;29.69191919;Ankdammen;Niv;FALSE
A81758FFFE04CDD8;2021-10-24 11:30;29.72323232;Ankdammen;Niv;FALSE
A81758FFFE04CDD8;2021-10-24 12:30;29.75454545;Ankdammen;Niv;FALSE
A81758FFFE04CDD8;2021-10-24 13:30;29.78585859;Ankdammen;Niv;FALSE
A81758FFFE04CDD8;2021-10-24 14:30;29.81717172;Ankdammen;Niv;FALSE
A81758FFFE04CDD8;2021-10-24 15:30;29.84848485;Ankdammen;Niv;FALSE
A81758FFFE04CDD8;2021-10-24 16:30;29.87979798;Ankdammen;Niv;FALSE
A81758FFFE04CDD8;2021-10-24 17:30;29.91111111;Ankdammen;Niv;FALSE
A81758FFFE04CDD8;2021-10-24 18:30;29.94242424;Ankdammen;Niv;FALSE
A81758FFFE04CDD8;2021-10-24 19:30;29.97373737;Ankdammen;Niv;FALSE
A81758FFFE04CDD8;2021-10-24 20:30;30.00505051;Ankdammen;Niv;FALSE
A81758FFFE04CDD8;2021-10-24 21:30;30.03636364;Ankdammen;Niv;FALSE
A81758FFFE04CDD8;2021-10-24 22:30;30.06767677;Ankdammen;Niv;FALSE
A81758FFFE04CDD8;2021-10-24 23:30;30.0989899;Ankdammen;Niv;FALSE
A81758FFFE04CDD8;2021-10-25 00:30;30.13030303;Ankdammen;Niv;FALSE
A81758FFFE04CDD8;2021-10-25 01:30;30.16161616;Ankdammen;Niv;FALSE
A81758FFFE04CDD8;2021-10-25 02:30;30.19292929;Ankdammen;Niv;FALSE
A81758FFFE04CDD8;2021-10-25 03:30;30.22424242;Ankdammen;Niv;FALSE
A81758FFFE04CDD8;2021-10-25 04:30;30.25555556;Ankdammen;Niv;FALSE
A81758FFFE04CDD8;2021-10-25 05:30;30.28686869;Ankdammen;Niv;FALSE
A81758FFFE04CDD8;2021-10-25 06:30;30.31818182;Ankdammen;Niv;FALSE
A81758FFFE04CDD8;2021-10-25 07:30;30.34949495;Ankdammen;Niv;FALSE
A81758FFFE04CDD8;2021-10-25 08:30;30.38080808;Ankdammen;Niv;FALSE
A81758FFFE04CDD8;2021-10-25 09:30;30.41212121;Ankdammen;Niv;FALSE
A81758FFFE04CDD8;2021-10-25 10:30;30.44343434;Ankdammen;Niv;FALSE
A81758FFFE04CDD8;2021-10-25 11:30;30.47474747;Ankdammen;Niv;FALSE
A81758FFFE04CDD8;2021-10-25 12:30;30.50606061;Ankdammen;Niv;FALSE
A81758FFFE04CDD8;2021-10-25 13:30;30.53737374;Ankdammen;Niv;FALSE
A81758FFFE04CDD8;2021-10-25 14:30;30.56868687;Ankdammen;Niv;FALSE
A81758FFFE04CDD8;2021-10-25 15:30;30.6;Ankdammen;Niv;FALSE
A81758FFFE046F4D;2021-10-21 12:30;23.1;Lilljansberget trabro;Niv;FALSE
A81758FFFE046F4D;2021-10-21 13:30;23.13232323;Lilljansberget trabro;Niv;FALSE
A81758FFFE046F4D;2021-10-21 14:30;23.16464646;Lilljansberget trabro;Niv;FALSE
A81758FFFE046F4D;2021-10-21 15:30;23.1969697;Lilljansberget trabro;Niv;FALSE
A81758FFFE046F4D;2021-10-21 16:30;23.22929293;Lilljansberget trabro;Niv;FALSE
A81758FFFE046F4D;2021-10-21 17:30;23.26161616;Lilljansberget trabro;Niv;FALSE
A81758FFFE046F4D;2021-10-21 18:30;23.29393939;Lilljansberget trabro;Niv;FALSE
A81758FFFE046F4D;2021-10-21 19:30;23.32626263;Lilljansberget trabro;Niv;FALSE
A81758FFFE046F4D;2021-10-21 20:30;23.35858586;Lilljansberget trabro;Niv;FALSE
A81758FFFE046F4D;2021-10-21 21:30;23.39090909;Lilljansberget trabro;Niv;FALSE
A81758FFFE046F4D;2021-10-21 22:30;23.42323232;Lilljansberget trabro;Niv;FALSE
A81758FFFE046F4D;2021-10-21 23:30;23.45555556;Lilljansberget trabro;Niv;FALSE
A81758FFFE046F4D;2021-10-22 00:30;23.48787879;Lilljansberget trabro;Niv;FALSE
A81758FFFE046F4D;2021-10-22 01:30;23.52020202;Lilljansberget trabro;Niv;FALSE
A81758FFFE046F4D;2021-10-22 02:30;23.55252525;Lilljansberget trabro;Niv;FALSE
A81758FFFE046F4D;2021-10-22 03:30;23.58484848;Lilljansberget trabro;Niv;FALSE
A81758FFFE046F4D;2021-10-22 04:30;23.61717172;Lilljansberget trabro;Niv;FALSE
A81758FFFE046F4D;2021-10-22 05:30;23.64949495;Lilljansberget trabro;Niv;FALSE
A81758FFFE046F4D;2021-10-22 06:30;23.68181818;Lilljansberget trabro;Niv;FALSE
A81758FFFE046F4D;2021-10-22 07:30;23.71414141;Lilljansberget trabro;Niv;FALSE
A81758FFFE046F4D;2021-10-22 08:30;23.74646465;Lilljansberget trabro;Niv;FALSE
A81758FFFE046F4D;2021-10-22 09:30;23.77878788;Lilljansberget trabro;Niv;FALSE
A81758FFFE046F4D;2021-10-22 10:30;23.81111111;Lilljansberget trabro;Niv;FALSE
A81758FFFE046F4D;2021-10-22 11:30;23.84343434;Lilljansberget trabro;Niv;FALSE
A81758FFFE046F4D;2021-10-22 12:30;23.87575758;Lilljansberget trabro;Niv;FALSE
A81758FFFE046F4D;2021-10-22 13:30;23.90808081;Lilljansberget trabro;Niv;FALSE
A81758FFFE046F4D;2021-10-22 14:30;23.94040404;Lilljansberget trabro;Niv;FALSE
A81758FFFE046F4D;2021-10-22 15:30;23.97272727;Lilljansberget trabro;Niv;FALSE
A81758FFFE046F4D;2021-10-22 16:30;24.00505051;Lilljansberget trabro;Niv;FALSE
A81758FFFE046F4D;2021-10-22 17:30;24.03737374;Lilljansberget trabro;Niv;FALSE
A81758FFFE046F4D;2021-10-22 18:30;24.06969697;Lilljansberget trabro;Niv;FALSE
A81758FFFE046F4D;2021-10-22 19:30;24.1020202;Lilljansberget trabro;Niv;FALSE
A81758FFFE046F4D;2021-10-22 20:30;24.13434343;Lilljansberget trabro;Niv;FALSE
A81758FFFE046F4D;2021-10-22 21:30;24.16666667;Lilljansberget trabro;Niv;FALSE
A81758FFFE046F4D;2021-10-22 22:30;24.1989899;Lilljansberget trabro;Niv;FALSE
A81758FFFE046F4D;2021-10-22 23:30;24.23131313;Lilljansberget trabro;Niv;FALSE
A81758FFFE046F4D;2021-10-23 00:30;24.26363636;Lilljansberget trabro;Niv;FALSE
A81758FFFE046F4D;2021-10-23 01:30;24.2959596;Lilljansberget trabro;Niv;FALSE
A81758FFFE046F4D;2021-10-23 02:30;24.32828283;Lilljansberget trabro;Niv;FALSE
A81758FFFE046F4D;2021-10-23 03:30;24.36060606;Lilljansberget trabro;Niv;FALSE
A81758FFFE046F4D;2021-10-23 04:30;24.39292929;Lilljansberget trabro;Niv;FALSE
A81758FFFE046F4D;2021-10-23 05:30;24.42525253;Lilljansberget trabro;Niv;FALSE
A81758FFFE046F4D;2021-10-23 06:30;24.45757576;Lilljansberget trabro;Niv;FALSE
A81758FFFE046F4D;2021-10-23 07:30;24.48989899;Lilljansberget trabro;Niv;FALSE
A81758FFFE046F4D;2021-10-23 08:30;24.52222222;Lilljansberget trabro;Niv;FALSE
A81758FFFE046F4D;2021-10-23 09:30;24.55454545;Lilljansberget trabro;Niv;FALSE
A81758FFFE046F4D;2021-10-23 10:30;24.58686869;Lilljansberget trabro;Niv;FALSE
A81758FFFE046F4D;2021-10-23 11:30;24.61919192;Lilljansberget trabro;Niv;FALSE
A81758FFFE046F4D;2021-10-23 12:30;24.65151515;Lilljansberget trabro;Niv;FALSE
A81758FFFE046F4D;2021-10-23 13:30;24.68383838;Lilljansberget trabro;Niv;FALSE
A81758FFFE046F4D;2021-10-23 14:30;24.71616162;Lilljansberget trabro;Niv;FALSE
A81758FFFE046F4D;2021-10-23 15:30;24.74848485;Lilljansberget trabro;Niv;FALSE
A81758FFFE046F4D;2021-10-23 16:30;24.78080808;Lilljansberget trabro;Niv;FALSE
A81758FFFE046F4D;2021-10-23 17:30;24.81313131;Lilljansberget trabro;Niv;FALSE
A81758FFFE046F4D;2021-10-23 18:30;24.84545455;Lilljansberget trabro;Niv;FALSE
A81758FFFE046F4D;2021-10-23 19:30;24.87777778;Lilljansberget trabro;Niv;FALSE
A81758FFFE046F4D;2021-10-23 20:30;24.91010101;Lilljansberget trabro;Niv;FALSE
A81758FFFE046F4D;2021-10-23 21:30;24.94242424;Lilljansberget trabro;Niv;FALSE
A81758FFFE046F4D;2021-10-23 22:30;24.97474747;Lilljansberget trabro;Niv;FALSE
A81758FFFE046F4D;2021-10-23 23:30;25.00707071;Lilljansberget trabro;Niv;FALSE
A81758FFFE046F4D;2021-10-24 00:30;25.03939394;Lilljansberget trabro;Niv;FALSE
A81758FFFE046F4D;2021-10-24 01:30;25.07171717;Lilljansberget trabro;Niv;FALSE
A81758FFFE046F4D;2021-10-24 02:30;25.1040404;Lilljansberget trabro;Niv;FALSE
A81758FFFE046F4D;2021-10-24 03:30;25.13636364;Lilljansberget trabro;Niv;FALSE
A81758FFFE046F4D;2021-10-24 04:30;25.16868687;Lilljansberget trabro;Niv;FALSE
A81758FFFE046F4D;2021-10-24 05:30;25.2010101;Lilljansberget trabro;Niv;FALSE
A81758FFFE046F4D;2021-10-24 06:30;25.23333333;Lilljansberget trabro;Niv;FALSE
A81758FFFE046F4D;2021-10-24 07:30;25.26565657;Lilljansberget trabro;Niv;FALSE
A81758FFFE046F4D;2021-10-24 08:30;25.2979798;Lilljansberget trabro;Niv;FALSE
A81758FFFE046F4D;2021-10-24 09:30;25.33030303;Lilljansberget trabro;Niv;FALSE
A81758FFFE046F4D;2021-10-24 10:30;25.36262626;Lilljansberget trabro;Niv;FALSE
A81758FFFE046F4D;2021-10-24 11:30;25.39494949;Lilljansberget trabro;Niv;FALSE
A81758FFFE046F4D;2021-10-24 12:30;25.42727273;Lilljansberget trabro;Niv;FALSE
A81758FFFE046F4D;2021-10-24 13:30;25.45959596;Lilljansberget trabro;Niv;FALSE
A81758FFFE046F4D;2021-10-24 14:30;25.49191919;Lilljansberget trabro;Niv;FALSE
A81758FFFE046F4D;2021-10-24 15:30;25.52424242;Lilljansberget trabro;Niv;FALSE
A81758FFFE046F4D;2021-10-24 16:30;25.55656566;Lilljansberget trabro;Niv;FALSE
A81758FFFE046F4D;2021-10-24 17:30;25.58888889;Lilljansberget trabro;Niv;FALSE
A81758FFFE046F4D;2021-10-24 18:30;25.62121212;Lilljansberget trabro;Niv;FALSE
A81758FFFE046F4D;2021-10-24 19:30;25.65353535;Lilljansberget trabro;Niv;FALSE
A81758FFFE046F4D;2021-10-24 20:30;25.68585859;Lilljansberget trabro;Niv;FALSE
A81758FFFE046F4D;2021-10-24 21:30;25.71818182;Lilljansberget trabro;Niv;FALSE
A81758FFFE046F4D;2021-10-24 22:30;25.75050505;Lilljansberget trabro;Niv;FALSE
A81758FFFE046F4D;2021-10-24 23:30;25.78282828;Lilljansberget trabro;Niv;FALSE
A81758FFFE046F4D;2021-10-25 00:30;25.81515152;Lilljansberget trabro;Niv;FALSE
A81758FFFE046F4D;2021-10-25 01:30;25.84747475;Lilljansberget trabro;Niv;FALSE
A81758FFFE046F4D;2021-10-25 02:30;25.87979798;Lilljansberget trabro;Niv;FALSE
A81758FFFE046F4D;2021-10-25 03:30;25.91212121;Lilljansberget trabro;Niv;FALSE
A81758FFFE046F4D;2021-10-25 04:30;25.94444444;Lilljansberget trabro;Niv;FALSE
A81758FFFE046F4D;2021-10-25 05:30;25.97676768;Lilljansberget trabro;Niv;FALSE
A81758FFFE046F4D;2021-10-25 06:30;26.00909091;Lilljansberget trabro;Niv;FALSE
A81758FFFE046F4D;2021-10-25 07:30;26.04141414;Lilljansberget trabro;Niv;FALSE
A81758FFFE046F4D;2021-10-25 08:30;26.07373737;Lilljansberget trabro;Niv;FALSE
A81758FFFE046F4D;2021-10-25 09:30;26.10606061;Lilljansberget trabro;Niv;FALSE
A81758FFFE046F4D;2021-10-25 10:30;26.13838384;Lilljansberget trabro;Niv;FALSE
A81758FFFE046F4D;2021-10-25 11:30;26.17070707;Lilljansberget trabro;Niv;FALSE
A81758FFFE046F4D;2021-10-25 12:30;26.2030303;Lilljansberget trabro;Niv;FALSE
A81758FFFE046F4D;2021-10-25 13:30;26.23535354;Lilljansberget trabro;Niv;FALSE
A81758FFFE046F4D;2021-10-25 14:30;26.26767677;Lilljansberget trabro;Niv;FALSE
A81758FFFE046F4D;2021-10-25 15:30;26.3;Lilljansberget trabro;Niv;FALSE
A81758FFFE066024;2021-10-21 12:30;24.8;Lilljansvagen;Niv;FALSE
A81758FFFE066024;2021-10-21 13:30;24.82828283;Lilljansvagen;Niv;FALSE
A81758FFFE066024;2021-10-21 14:30;24.85656566;Lilljansvagen;Niv;FALSE
A81758FFFE066024;2021-10-21 15:30;24.88484848;Lilljansvagen;Niv;FALSE
A81758FFFE066024;2021-10-21 16:30;24.91313131;Lilljansvagen;Niv;FALSE
A81758FFFE066024;2021-10-21 17:30;24.94141414;Lilljansvagen;Niv;FALSE
A81758FFFE066024;2021-10-21 18:30;24.96969697;Lilljansvagen;Niv;FALSE
A81758FFFE066024;2021-10-21 19:30;24.9979798;Lilljansvagen;Niv;FALSE
A81758FFFE066024;2021-10-21 20:30;25.02626263;Lilljansvagen;Niv;FALSE
A81758FFFE066024;2021-10-21 21:30;25.05454545;Lilljansvagen;Niv;FALSE
A81758FFFE066024;2021-10-21 22:30;25.08282828;Lilljansvagen;Niv;FALSE
A81758FFFE066024;2021-10-21 23:30;25.11111111;Lilljansvagen;Niv;FALSE
A81758FFFE066024;2021-10-22 00:30;25.13939394;Lilljansvagen;Niv;FALSE
A81758FFFE066024;2021-10-22 01:30;25.16767677;Lilljansvagen;Niv;FALSE
A81758FFFE066024;2021-10-22 02:30;25.1959596;Lilljansvagen;Niv;FALSE
A81758FFFE066024;2021-10-22 03:30;25.22424242;Lilljansvagen;Niv;FALSE
A81758FFFE066024;2021-10-22 04:30;25.25252525;Lilljansvagen;Niv;FALSE
A81758FFFE066024;2021-10-22 05:30;25.28080808;Lilljansvagen;Niv;FALSE
A81758FFFE066024;2021-10-22 06:30;25.30909091;Lilljansvagen;Niv;FALSE
A81758FFFE066024;2021-10-22 07:30;25.33737374;Lilljansvagen;Niv;FALSE
A81758FFFE066024;2021-10-22 08:30;25.36565657;Lilljansvagen;Niv;FALSE
A81758FFFE066024;2021-10-22 09:30;25.39393939;Lilljansvagen;Niv;FALSE
A81758FFFE066024;2021-10-22 10:30;25.42222222;Lilljansvagen;Niv;FALSE
A81758FFFE066024;2021-10-22 11:30;25.45050505;Lilljansvagen;Niv;FALSE
A81758FFFE066024;2021-10-22 12:30;25.47878788;Lilljansvagen;Niv;FALSE
A81758FFFE066024;2021-10-22 13:30;25.50707071;Lilljansvagen;Niv;FALSE
A81758FFFE066024;2021-10-22 14:30;25.53535354;Lilljansvagen;Niv;FALSE
A81758FFFE066024;2021-10-22 15:30;25.56363636;Lilljansvagen;Niv;FALSE
A81758FFFE066024;2021-10-22 16:30;25.59191919;Lilljansvagen;Niv;FALSE
A81758FFFE066024;2021-10-22 17:30;25.62020202;Lilljansvagen;Niv;FALSE
A81758FFFE066024;2021-10-22 18:30;25.64848485;Lilljansvagen;Niv;FALSE
A81758FFFE066024;2021-10-22 19:30;25.67676768;Lilljansvagen;Niv;FALSE
A81758FFFE066024;2021-10-22 20:30;25.70505051;Lilljansvagen;Niv;FALSE
A81758FFFE066024;2021-10-22 21:30;25.73333333;Lilljansvagen;Niv;FALSE
A81758FFFE066024;2021-10-22 22:30;25.76161616;Lilljansvagen;Niv;FALSE
A81758FFFE066024;2021-10-22 23:30;25.78989899;Lilljansvagen;Niv;FALSE
A81758FFFE066024;2021-10-23 00:30;25.81818182;Lilljansvagen;Niv;FALSE
A81758FFFE066024;2021-10-23 01:30;25.84646465;Lilljansvagen;Niv;FALSE
A81758FFFE066024;2021-10-23 02:30;25.87474747;Lilljansvagen;Niv;FALSE
A81758FFFE066024;2021-10-23 03:30;25.9030303;Lilljansvagen;Niv;FALSE
A81758FFFE066024;2021-10-23 04:30;25.93131313;Lilljansvagen;Niv;FALSE
A81758FFFE066024;2021-10-23 05:30;25.95959596;Lilljansvagen;Niv;FALSE
A81758FFFE066024;2021-10-23 06:30;25.98787879;Lilljansvagen;Niv;FALSE
A81758FFFE066024;2021-10-23 07:30;26.01616162;Lilljansvagen;Niv;FALSE
A81758FFFE066024;2021-10-23 08:30;26.04444444;Lilljansvagen;Niv;FALSE
A81758FFFE066024;2021-10-23 09:30;26.07272727;Lilljansvagen;Niv;FALSE
A81758FFFE066024;2021-10-23 10:30;26.1010101;Lilljansvagen;Niv;FALSE
A81758FFFE066024;2021-10-23 11:30;26.12929293;Lilljansvagen;Niv;FALSE
A81758FFFE066024;2021-10-23 12:30;26.15757576;Lilljansvagen;Niv;FALSE
A81758FFFE066024;2021-10-23 13:30;26.18585859;Lilljansvagen;Niv;FALSE
A81758FFFE066024;2021-10-23 14:30;26.21414141;Lilljansvagen;Niv;FALSE
A81758FFFE066024;2021-10-23 15:30;26.24242424;Lilljansvagen;Niv;FALSE
A81758FFFE066024;2021-10-23 16:30;26.27070707;Lilljansvagen;Niv;FALSE
A81758FFFE066024;2021-10-23 17:30;26.2989899;Lilljansvagen;Niv;FALSE
A81758FFFE066024;2021-10-23 18:30;26.32727273;Lilljansvagen;Niv;FALSE
A81758FFFE066024;2021-10-23 19:30;26.35555556;Lilljansvagen;Niv;FALSE
A81758FFFE066024;2021-10-23 20:30;26.38383838;Lilljansvagen;Niv;FALSE
A81758FFFE066024;2021-10-23 21:30;26.41212121;Lilljansvagen;Niv;FALSE
A81758FFFE066024;2021-10-23 22:30;26.44040404;Lilljansvagen;Niv;FALSE
A81758FFFE066024;2021-10-23 23:30;26.46868687;Lilljansvagen;Niv;FALSE
A81758FFFE066024;2021-10-24 00:30;26.4969697;Lilljansvagen;Niv;FALSE
A81758FFFE066024;2021-10-24 01:30;26.52525253;Lilljansvagen;Niv;FALSE
A81758FFFE066024;2021-10-24 02:30;26.55353535;Lilljansvagen;Niv;FALSE
A81758FFFE066024;2021-10-24 03:30;26.58181818;Lilljansvagen;Niv;FALSE
A81758FFFE066024;2021-10-24 04:30;26.61010101;Lilljansvagen;Niv;FALSE
A81758FFFE066024;2021-10-24 05:30;26.63838384;Lilljansvagen;Niv;FALSE
A81758FFFE066024;2021-10-24 06:30;26.66666667;Lilljansvagen;Niv;FALSE
A81758FFFE066024;2021-10-24 07:30;26.69494949;Lilljansvagen;Niv;FALSE
A81758FFFE066024;2021-10-24 08:30;26.72323232;Lilljansvagen;Niv;FALSE
A81758FFFE066024;2021-10-24 09:30;26.75151515;Lilljansvagen;Niv;FALSE
A81758FFFE066024;2021-10-24 10:30;26.77979798;Lilljansvagen;Niv;FALSE
A81758FFFE066024;2021-10-24 11:30;26.80808081;Lilljansvagen;Niv;FALSE
A81758FFFE066024;2021-10-24 12:30;26.83636364;Lilljansvagen;Niv;FALSE
A81758FFFE066024;2021-10-24 13:30;26.86464646;Lilljansvagen;Niv;FALSE
A81758FFFE066024;2021-10-24 14:30;26.89292929;Lilljansvagen;Niv;FALSE
A81758FFFE066024;2021-10-24 15:30;26.92121212;Lilljansvagen;Niv;FALSE
A81758FFFE066024;2021-10-24 16:30;26.94949495;Lilljansvagen;Niv;FALSE
A81758FFFE066024;2021-10-24 17:30;26.97777778;Lilljansvagen;Niv;FALSE
A81758FFFE066024;2021-10-24 18:30;27.00606061;Lilljansvagen;Niv;FALSE
A81758FFFE066024;2021-10-24 19:30;27.03434343;Lilljansvagen;Niv;FALSE
A81758FFFE066024;2021-10-24 20:30;27.06262626;Lilljansvagen;Niv;FALSE
A81758FFFE066024;2021-10-24 21:30;27.09090909;Lilljansvagen;Niv;FALSE
A81758FFFE066024;2021-10-24 22:30;27.11919192;Lilljansvagen;Niv;FALSE
A81758FFFE066024;2021-10-24 23:30;27.14747475;Lilljansvagen;Niv;FALSE
A81758FFFE066024;2021-10-25 00:30;27.17575758;Lilljansvagen;Niv;FALSE
A81758FFFE066024;2021-10-25 01:30;27.2040404;Lilljansvagen;Niv;FALSE
A81758FFFE066024;2021-10-25 02:30;27.23232323;Lilljansvagen;Niv;FALSE
A81758FFFE066024;2021-10-25 03:30;27.26060606;Lilljansvagen;Niv;FALSE
A81758FFFE066024;2021-10-25 04:30;27.28888889;Lilljansvagen;Niv;FALSE
A81758FFFE066024;2021-10-25 05:30;27.31717172;Lilljansvagen;Niv;FALSE
A81758FFFE066024;2021-10-25 06:30;27.34545455;Lilljansvagen;Niv;FALSE
A81758FFFE066024;2021-10-25 07:30;27.37373737;Lilljansvagen;Niv;FALSE
A81758FFFE066024;2021-10-25 08:30;27.4020202;Lilljansvagen;Niv;FALSE
A81758FFFE066024;2021-10-25 09:30;27.43030303;Lilljansvagen;Niv;FALSE
A81758FFFE066024;2021-10-25 10:30;27.45858586;Lilljansvagen;Niv;FALSE
A81758FFFE066024;2021-10-25 11:30;27.48686869;Lilljansvagen;Niv;FALSE
A81758FFFE066024;2021-10-25 12:30;27.51515152;Lilljansvagen;Niv;FALSE
A81758FFFE066024;2021-10-25 13:30;27.54343434;Lilljansvagen;Niv;FALSE
A81758FFFE066024;2021-10-25 14:30;27.57171717;Lilljansvagen;Niv;FALSE
A81758FFFE066024;2021-10-25 15:30;27.6;Lilljansvagen;Niv;FALSE
A81758FFFE066012;2021-10-21 12:30;23.9;Bron innan Lilljansberget;Niv;FALSE
A81758FFFE066012;2021-10-21 13:30;23.91919192;Bron innan Lilljansberget;Niv;FALSE
A81758FFFE066012;2021-10-21 14:30;23.93838384;Bron innan Lilljansberget;Niv;FALSE
A81758FFFE066012;2021-10-21 15:30;23.95757576;Bron innan Lilljansberget;Niv;FALSE
A81758FFFE066012;2021-10-21 16:30;23.97676768;Bron innan Lilljansberget;Niv;FALSE
A81758FFFE066012;2021-10-21 17:30;23.9959596;Bron innan Lilljansberget;Niv;FALSE
A81758FFFE066012;2021-10-21 18:30;24.01515152;Bron innan Lilljansberget;Niv;FALSE
A81758FFFE066012;2021-10-21 19:30;24.03434343;Bron innan Lilljansberget;Niv;FALSE
A81758FFFE066012;2021-10-21 20:30;24.05353535;Bron innan Lilljansberget;Niv;FALSE
A81758FFFE066012;2021-10-21 21:30;24.07272727;Bron innan Lilljansberget;Niv;FALSE
A81758FFFE066012;2021-10-21 22:30;24.09191919;Bron innan Lilljansberget;Niv;FALSE
A81758FFFE066012;2021-10-21 23:30;24.11111111;Bron innan Lilljansberget;Niv;FALSE
A81758FFFE066012;2021-10-22 00:30;24.13030303;Bron innan Lilljansberget;Niv;FALSE
A81758FFFE066012;2021-10-22 01:30;24.14949495;Bron innan Lilljansberget;Niv;FALSE
A81758FFFE066012;2021-10-22 02:30;24.16868687;Bron innan Lilljansberget;Niv;FALSE
A81758FFFE066012;2021-10-22 03:30;24.18787879;Bron innan Lilljansberget;Niv;FALSE
A81758FFFE066012;2021-10-22 04:30;24.20707071;Bron innan Lilljansberget;Niv;FALSE
A81758FFFE066012;2021-10-22 05:30;24.22626263;Bron innan Lilljansberget;Niv;FALSE
A81758FFFE066012;2021-10-22 06:30;24.24545455;Bron innan Lilljansberget;Niv;FALSE
A81758FFFE066012;2021-10-22 07:30;24.26464646;Bron innan Lilljansberget;Niv;FALSE
A81758FFFE066012;2021-10-22 08:30;24.28383838;Bron innan Lilljansberget;Niv;FALSE
A81758FFFE066012;2021-10-22 09:30;24.3030303;Bron innan Lilljansberget;Niv;FALSE
A81758FFFE066012;2021-10-22 10:30;24.32222222;Bron innan Lilljansberget;Niv;FALSE
A81758FFFE066012;2021-10-22 11:30;24.34141414;Bron innan Lilljansberget;Niv;FALSE
A81758FFFE066012;2021-10-22 12:30;24.36060606;Bron innan Lilljansberget;Niv;FALSE
A81758FFFE066012;2021-10-22 13:30;24.37979798;Bron innan Lilljansberget;Niv;FALSE
A81758FFFE066012;2021-10-22 14:30;24.3989899;Bron innan Lilljansberget;Niv;FALSE
A81758FFFE066012;2021-10-22 15:30;24.41818182;Bron innan Lilljansberget;Niv;FALSE
A81758FFFE066012;2021-10-22 16:30;24.43737374;Bron innan Lilljansberget;Niv;FALSE
A81758FFFE066012;2021-10-22 17:30;24.45656566;Bron innan Lilljansberget;Niv;FALSE
A81758FFFE066012;2021-10-22 18:30;24.47575758;Bron innan Lilljansberget;Niv;FALSE
A81758FFFE066012;2021-10-22 19:30;24.49494949;Bron innan Lilljansberget;Niv;FALSE
A81758FFFE066012;2021-10-22 20:30;24.51414141;Bron innan Lilljansberget;Niv;FALSE
A81758FFFE066012;2021-10-22 21:30;24.53333333;Bron innan Lilljansberget;Niv;FALSE
A81758FFFE066012;2021-10-22 22:30;24.55252525;Bron innan Lilljansberget;Niv;FALSE
A81758FFFE066012;2021-10-22 23:30;24.57171717;Bron innan Lilljansberget;Niv;FALSE
A81758FFFE066012;2021-10-23 00:30;24.59090909;Bron innan Lilljansberget;Niv;FALSE
A81758FFFE066012;2021-10-23 01:30;24.61010101;Bron innan Lilljansberget;Niv;FALSE
A81758FFFE066012;2021-10-23 02:30;24.62929293;Bron innan Lilljansberget;Niv;FALSE
A81758FFFE066012;2021-10-23 03:30;24.64848485;Bron innan Lilljansberget;Niv;FALSE
A81758FFFE066012;2021-10-23 04:30;24.66767677;Bron innan Lilljansberget;Niv;FALSE
A81758FFFE066012;2021-10-23 05:30;24.68686869;Bron innan Lilljansberget;Niv;FALSE
A81758FFFE066012;2021-10-23 06:30;24.70606061;Bron innan Lilljansberget;Niv;FALSE
A81758FFFE066012;2021-10-23 07:30;24.72525253;Bron innan Lilljansberget;Niv;FALSE
A81758FFFE066012;2021-10-23 08:30;24.74444444;Bron innan Lilljansberget;Niv;FALSE
A81758FFFE066012;2021-10-23 09:30;24.76363636;Bron innan Lilljansberget;Niv;FALSE
A81758FFFE066012;2021-10-23 10:30;24.78282828;Bron innan Lilljansberget;Niv;FALSE
A81758FFFE066012;2021-10-23 11:30;24.8020202;Bron innan Lilljansberget;Niv;FALSE
A81758FFFE066012;2021-10-23 12:30;24.82121212;Bron innan Lilljansberget;Niv;FALSE
A81758FFFE066012;2021-10-23 13:30;24.84040404;Bron innan Lilljansberget;Niv;FALSE
A81758FFFE066012;2021-10-23 14:30;24.85959596;Bron innan Lilljansberget;Niv;FALSE
A81758FFFE066012;2021-10-23 15:30;24.87878788;Bron innan Lilljansberget;Niv;FALSE
A81758FFFE066012;2021-10-23 16:30;24.8979798;Bron innan Lilljansberget;Niv;FALSE
A81758FFFE066012;2021-10-23 17:30;24.91717172;Bron innan Lilljansberget;Niv;FALSE
A81758FFFE066012;2021-10-23 18:30;24.93636364;Bron innan Lilljansberget;Niv;FALSE
A81758FFFE066012;2021-10-23 19:30;24.95555556;Bron innan Lilljansberget;Niv;FALSE
A81758FFFE066012;2021-10-23 20:30;24.97474747;Bron innan Lilljansberget;Niv;FALSE
A81758FFFE066012;2021-10-23 21:30;24.99393939;Bron innan Lilljansberget;Niv;FALSE
A81758FFFE066012;2021-10-23 22:30;25.01313131;Bron innan Lilljansberget;Niv;FALSE
A81758FFFE066012;2021-10-23 23:30;25.03232323;Bron innan Lilljansberget;Niv;FALSE
A81758FFFE066012;2021-10-24 00:30;25.05151515;Bron innan Lilljansberget;Niv;FALSE
A81758FFFE066012;2021-10-24 01:30;25.07070707;Bron innan Lilljansberget;Niv;FALSE
A81758FFFE066012;2021-10-24 02:30;25.08989899;Bron innan Lilljansberget;Niv;FALSE
A81758FFFE066012;2021-10-24 03:30;25.10909091;Bron innan Lilljansberget;Niv;FALSE
A81758FFFE066012;2021-10-24 04:30;25.12828283;Bron innan Lilljansberget;Niv;FALSE
A81758FFFE066012;2021-10-24 05:30;25.14747475;Bron innan Lilljansberget;Niv;FALSE
A81758FFFE066012;2021-10-24 06:30;25.16666667;Bron innan Lilljansberget;Niv;FALSE
A81758FFFE066012;2021-10-24 07:30;25.18585859;Bron innan Lilljansberget;Niv;FALSE
A81758FFFE066012;2021-10-24 08:30;25.20505051;Bron innan Lilljansberget;Niv;FALSE
A81758FFFE066012;2021-10-24 09:30;25.22424242;Bron innan Lilljansberget;Niv;FALSE
A81758FFFE066012;2021-10-24 10:30;25.24343434;Bron innan Lilljansberget;Niv;FALSE
A81758FFFE066012;2021-10-24 11:30;25.26262626;Bron innan Lilljansberget;Niv;FALSE
A81758FFFE066012;2021-10-24 12:30;25.28181818;Bron innan Lilljansberget;Niv;FALSE
A81758FFFE066012;2021-10-24 13:30;25.3010101;Bron innan Lilljansberget;Niv;FALSE
A81758FFFE066012;2021-10-24 14:30;25.32020202;Bron innan Lilljansberget;Niv;FALSE
A81758FFFE066012;2021-10-24 15:30;25.33939394;Bron innan Lilljansberget;Niv;FALSE
A81758FFFE066012;2021-10-24 16:30;25.35858586;Bron innan Lilljansberget;Niv;FALSE
A81758FFFE066012;2021-10-24 17:30;25.37777778;Bron innan Lilljansberget;Niv;FALSE
A81758FFFE066012;2021-10-24 18:30;25.3969697;Bron innan Lilljansberget;Niv;FALSE
A81758FFFE066012;2021-10-24 19:30;25.41616162;Bron innan Lilljansberget;Niv;FALSE
A81758FFFE066012;2021-10-24 20:30;25.43535354;Bron innan Lilljansberget;Niv;FALSE
A81758FFFE066012;2021-10-24 21:30;25.45454545;Bron innan Lilljansberget;Niv;FALSE
A81758FFFE066012;2021-10-24 22:30;25.47373737;Bron innan Lilljansberget;Niv;FALSE
A81758FFFE066012;2021-10-24 23:30;25.49292929;Bron innan Lilljansberget;Niv;FALSE
A81758FFFE066012;2021-10-25 00:30;25.51212121;Bron innan Lilljansberget;Niv;FALSE
A81758FFFE066012;2021-10-25 01:30;25.53131313;Bron innan Lilljansberget;Niv;FALSE
A81758FFFE066012;2021-10-25 02:30;25.55050505;Bron innan Lilljansberget;Niv;FALSE
A81758FFFE066012;2021-10-25 03:30;25.56969697;Bron innan Lilljansberget;Niv;FALSE
A81758FFFE066012;2021-10-25 04:30;25.58888889;Bron innan Lilljansberget;Niv;FALSE
A81758FFFE066012;2021-10-25 05:30;25.60808081;Bron innan Lilljansberget;Niv;FALSE
A81758FFFE066012;2021-10-25 06:30;25.62727273;Bron innan Lilljansberget;Niv;FALSE
A81758FFFE066012;2021-10-25 07:30;25.64646465;Bron innan Lilljansberget;Niv;FALSE
A81758FFFE066012;2021-10-25 08:30;25.66565657;Bron innan Lilljansberget;Niv;FALSE
A81758FFFE066012;2021-10-25 09:30;25.68484848;Bron innan Lilljansberget;Niv;FALSE
A81758FFFE066012;2021-10-25 10:30;25.7040404;Bron innan Lilljansberget;Niv;FALSE
A81758FFFE066012;2021-10-25 11:30;25.72323232;Bron innan Lilljansberget;Niv;FALSE
A81758FFFE066012;2021-10-25 12:30;25.74242424;Bron innan Lilljansberget;Niv;FALSE
A81758FFFE066012;2021-10-25 13:30;25.76161616;Bron innan Lilljansberget;Niv;FALSE
A81758FFFE066012;2021-10-25 14:30;25.78080808;Bron innan Lilljansberget;Niv;FALSE
A81758FFFE066012;2021-10-25 15:30;25.8;Bron innan Lilljansberget;Niv;FALSE
A81758FFFE045989;2021-10-21 12:30;26.9;Nya trabron Marihemsangarna;Niv;FALSE
A81758FFFE045989;2021-10-21 13:30;26.92929293;Nya trabron Marihemsangarna;Niv;FALSE
A81758FFFE045989;2021-10-21 14:30;26.95858586;Nya trabron Marihemsangarna;Niv;FALSE
A81758FFFE045989;2021-10-21 15:30;26.98787879;Nya trabron Marihemsangarna;Niv;FALSE
A81758FFFE045989;2021-10-21 16:30;27.01717172;Nya trabron Marihemsangarna;Niv;FALSE
A81758FFFE045989;2021-10-21 17:30;27.04646465;Nya trabron Marihemsangarna;Niv;FALSE
A81758FFFE045989;2021-10-21 18:30;27.07575758;Nya trabron Marihemsangarna;Niv;FALSE
A81758FFFE045989;2021-10-21 19:30;27.10505051;Nya trabron Marihemsangarna;Niv;FALSE
A81758FFFE045989;2021-10-21 20:30;27.13434343;Nya trabron Marihemsangarna;Niv;FALSE
A81758FFFE045989;2021-10-21 21:30;27.16363636;Nya trabron Marihemsangarna;Niv;FALSE
A81758FFFE045989;2021-10-21 22:30;27.19292929;Nya trabron Marihemsangarna;Niv;FALSE
A81758FFFE045989;2021-10-21 23:30;27.22222222;Nya trabron Marihemsangarna;Niv;FALSE
A81758FFFE045989;2021-10-22 00:30;27.25151515;Nya trabron Marihemsangarna;Niv;FALSE
A81758FFFE045989;2021-10-22 01:30;27.28080808;Nya trabron Marihemsangarna;Niv;FALSE
A81758FFFE045989;2021-10-22 02:30;27.31010101;Nya trabron Marihemsangarna;Niv;FALSE
A81758FFFE045989;2021-10-22 03:30;27.33939394;Nya trabron Marihemsangarna;Niv;FALSE
A81758FFFE045989;2021-10-22 04:30;27.36868687;Nya trabron Marihemsangarna;Niv;FALSE
A81758FFFE045989;2021-10-22 05:30;27.3979798;Nya trabron Marihemsangarna;Niv;FALSE
A81758FFFE045989;2021-10-22 06:30;27.42727273;Nya trabron Marihemsangarna;Niv;FALSE
A81758FFFE045989;2021-10-22 07:30;27.45656566;Nya trabron Marihemsangarna;Niv;FALSE
A81758FFFE045989;2021-10-22 08:30;27.48585859;Nya trabron Marihemsangarna;Niv;FALSE
A81758FFFE045989;2021-10-22 09:30;27.51515152;Nya trabron Marihemsangarna;Niv;FALSE
A81758FFFE045989;2021-10-22 10:30;27.54444444;Nya trabron Marihemsangarna;Niv;FALSE
A81758FFFE045989;2021-10-22 11:30;27.57373737;Nya trabron Marihemsangarna;Niv;FALSE
A81758FFFE045989;2021-10-22 12:30;27.6030303;Nya trabron Marihemsangarna;Niv;FALSE
A81758FFFE045989;2021-10-22 13:30;27.63232323;Nya trabron Marihemsangarna;Niv;FALSE
A81758FFFE045989;2021-10-22 14:30;27.66161616;Nya trabron Marihemsangarna;Niv;FALSE
A81758FFFE045989;2021-10-22 15:30;27.69090909;Nya trabron Marihemsangarna;Niv;FALSE
A81758FFFE045989;2021-10-22 16:30;27.72020202;Nya trabron Marihemsangarna;Niv;FALSE
A81758FFFE045989;2021-10-22 17:30;27.74949495;Nya trabron Marihemsangarna;Niv;FALSE
A81758FFFE045989;2021-10-22 18:30;27.77878788;Nya trabron Marihemsangarna;Niv;FALSE
A81758FFFE045989;2021-10-22 19:30;27.80808081;Nya trabron Marihemsangarna;Niv;FALSE
A81758FFFE045989;2021-10-22 20:30;27.83737374;Nya trabron Marihemsangarna;Niv;FALSE
A81758FFFE045989;2021-10-22 21:30;27.86666667;Nya trabron Marihemsangarna;Niv;FALSE
A81758FFFE045989;2021-10-22 22:30;27.8959596;Nya trabron Marihemsangarna;Niv;FALSE
A81758FFFE045989;2021-10-22 23:30;27.92525253;Nya trabron Marihemsangarna;Niv;FALSE
A81758FFFE045989;2021-10-23 00:30;27.95454545;Nya trabron Marihemsangarna;Niv;FALSE
A81758FFFE045989;2021-10-23 01:30;27.98383838;Nya trabron Marihemsangarna;Niv;FALSE
A81758FFFE045989;2021-10-23 02:30;28.01313131;Nya trabron Marihemsangarna;Niv;FALSE
A81758FFFE045989;2021-10-23 03:30;28.04242424;Nya trabron Marihemsangarna;Niv;FALSE
A81758FFFE045989;2021-10-23 04:30;28.07171717;Nya trabron Marihemsangarna;Niv;FALSE
A81758FFFE045989;2021-10-23 05:30;28.1010101;Nya trabron Marihemsangarna;Niv;FALSE
A81758FFFE045989;2021-10-23 06:30;28.13030303;Nya trabron Marihemsangarna;Niv;FALSE
A81758FFFE045989;2021-10-23 07:30;28.15959596;Nya trabron Marihemsangarna;Niv;FALSE
A81758FFFE045989;2021-10-23 08:30;28.18888889;Nya trabron Marihemsangarna;Niv;FALSE
A81758FFFE045989;2021-10-23 09:30;28.21818182;Nya trabron Marihemsangarna;Niv;FALSE
A81758FFFE045989;2021-10-23 10:30;28.24747475;Nya trabron Marihemsangarna;Niv;FALSE
A81758FFFE045989;2021-10-23 11:30;28.27676768;Nya trabron Marihemsangarna;Niv;FALSE
A81758FFFE045989;2021-10-23 12:30;28.30606061;Nya trabron Marihemsangarna;Niv;FALSE
A81758FFFE045989;2021-10-23 13:30;28.33535354;Nya trabron Marihemsangarna;Niv;FALSE
A81758FFFE045989;2021-10-23 14:30;28.36464646;Nya trabron Marihemsangarna;Niv;FALSE
A81758FFFE045989;2021-10-23 15:30;28.39393939;Nya trabron Marihemsangarna;Niv;FALSE
A81758FFFE045989;2021-10-23 16:30;28.42323232;Nya trabron Marihemsangarna;Niv;FALSE
A81758FFFE045989;2021-10-23 17:30;28.45252525;Nya trabron Marihemsangarna;Niv;FALSE
A81758FFFE045989;2021-10-23 18:30;28.48181818;Nya trabron Marihemsangarna;Niv;FALSE
A81758FFFE045989;2021-10-23 19:30;28.51111111;Nya trabron Marihemsangarna;Niv;FALSE
A81758FFFE045989;2021-10-23 20:30;28.54040404;Nya trabron Marihemsangarna;Niv;FALSE
A81758FFFE045989;2021-10-23 21:30;28.56969697;Nya trabron Marihemsangarna;Niv;FALSE
A81758FFFE045989;2021-10-23 22:30;28.5989899;Nya trabron Marihemsangarna;Niv;FALSE
A81758FFFE045989;2021-10-23 23:30;28.62828283;Nya trabron Marihemsangarna;Niv;FALSE
A81758FFFE045989;2021-10-24 00:30;28.65757576;Nya trabron Marihemsangarna;Niv;FALSE
A81758FFFE045989;2021-10-24 01:30;28.68686869;Nya trabron Marihemsangarna;Niv;FALSE
A81758FFFE045989;2021-10-24 02:30;28.71616162;Nya trabron Marihemsangarna;Niv;FALSE
A81758FFFE045989;2021-10-24 03:30;28.74545455;Nya trabron Marihemsangarna;Niv;FALSE
A81758FFFE045989;2021-10-24 04:30;28.77474747;Nya trabron Marihemsangarna;Niv;FALSE
A81758FFFE045989;2021-10-24 05:30;28.8040404;Nya trabron Marihemsangarna;Niv;FALSE
A81758FFFE045989;2021-10-24 06:30;28.83333333;Nya trabron Marihemsangarna;Niv;FALSE
A81758FFFE045989;2021-10-24 07:30;28.86262626;Nya trabron Marihemsangarna;Niv;FALSE
A81758FFFE045989;2021-10-24 08:30;28.89191919;Nya trabron Marihemsangarna;Niv;FALSE
A81758FFFE045989;2021-10-24 09:30;28.92121212;Nya trabron Marihemsangarna;Niv;FALSE
A81758FFFE045989;2021-10-24 10:30;28.95050505;Nya trabron Marihemsangarna;Niv;FALSE
A81758FFFE045989;2021-10-24 11:30;28.97979798;Nya trabron Marihemsangarna;Niv;FALSE
A81758FFFE045989;2021-10-24 12:30;29.00909091;Nya trabron Marihemsangarna;Niv;FALSE
A81758FFFE045989;2021-10-24 13:30;29.03838384;Nya trabron Marihemsangarna;Niv;FALSE
A81758FFFE045989;2021-10-24 14:30;29.06767677;Nya trabron Marihemsangarna;Niv;FALSE
A81758FFFE045989;2021-10-24 15:30;29.0969697;Nya trabron Marihemsangarna;Niv;FALSE
A81758FFFE045989;2021-10-24 16:30;29.12626263;Nya trabron Marihemsangarna;Niv;FALSE
A81758FFFE045989;2021-10-24 17:30;29.15555556;Nya trabron Marihemsangarna;Niv;FALSE
A81758FFFE045989;2021-10-24 18:30;29.18484848;Nya trabron Marihemsangarna;Niv;FALSE
A81758FFFE045989;2021-10-24 19:30;29.21414141;Nya trabron Marihemsangarna;Niv;FALSE
A81758FFFE045989;2021-10-24 20:30;29.24343434;Nya trabron Marihemsangarna;Niv;FALSE
A81758FFFE045989;2021-10-24 21:30;29.27272727;Nya trabron Marihemsangarna;Niv;FALSE
A81758FFFE045989;2021-10-24 22:30;29.3020202;Nya trabron Marihemsangarna;Niv;FALSE
A81758FFFE045989;2021-10-24 23:30;29.33131313;Nya trabron Marihemsangarna;Niv;FALSE
A81758FFFE045989;2021-10-25 00:30;29.36060606;Nya trabron Marihemsangarna;Niv;FALSE
A81758FFFE045989;2021-10-25 01:30;29.38989899;Nya trabron Marihemsangarna;Niv;FALSE
A81758FFFE045989;2021-10-25 02:30;29.41919192;Nya trabron Marihemsangarna;Niv;FALSE
A81758FFFE045989;2021-10-25 03:30;29.44848485;Nya trabron Marihemsangarna;Niv;FALSE
A81758FFFE045989;2021-10-25 04:30;29.47777778;Nya trabron Marihemsangarna;Niv;FALSE
A81758FFFE045989;2021-10-25 05:30;29.50707071;Nya trabron Marihemsangarna;Niv;FALSE
A81758FFFE045989;2021-10-25 06:30;29.53636364;Nya trabron Marihemsangarna;Niv;FALSE
A81758FFFE045989;2021-10-25 07:30;29.56565657;Nya trabron Marihemsangarna;Niv;FALSE
A81758FFFE045989;2021-10-25 08:30;29.59494949;Nya trabron Marihemsangarna;Niv;FALSE
A81758FFFE045989;2021-10-25 09:30;29.62424242;Nya trabron Marihemsangarna;Niv;FALSE
A81758FFFE045989;2021-10-25 10:30;29.65353535;Nya trabron Marihemsangarna;Niv;FALSE
A81758FFFE045989;2021-10-25 11:30;29.68282828;Nya trabron Marihemsangarna;Niv;FALSE
A81758FFFE045989;2021-10-25 12:30;29.71212121;Nya trabron Marihemsangarna;Niv;FALSE
A81758FFFE045989;2021-10-25 13:30;29.74141414;Nya trabron Marihemsangarna;Niv;FALSE
A81758FFFE045989;2021-10-25 14:30;29.77070707;Nya trabron Marihemsangarna;Niv;FALSE
A81758FFFE045989;2021-10-25 15:30;29.8;Nya trabron Marihemsangarna;Niv;FALSE